{
  "test/mean_score": 0.9529358181174685,
  "test/sim_max_reward_100000": 0.9968194738536563,
  "test/sim_max_reward_100001": 1.0,
  "test/sim_max_reward_100002": 0.951901990449532,
  "test/sim_max_reward_100003": 1.0,
  "test/sim_max_reward_100004": 1.0,
  "test/sim_max_reward_100005": 1.0,
  "test/sim_max_reward_100006": 0.9856917014581968,
  "test/sim_max_reward_100007": 0.9908028297921477,
  "test/sim_max_reward_100008": 0.9236231104126945,
  "test/sim_max_reward_100009": 0.9388374531294563,
  "test/sim_max_reward_100010": 0.9908149840593193,
  "test/sim_max_reward_100011": 1.0,
  "test/sim_max_reward_100012": 0.0,
  "test/sim_max_reward_100013": 0.9532829486611124,
  "test/sim_max_reward_100014": 1.0,
  "test/sim_max_reward_100015": 1.0,
  "test/sim_max_reward_100016": 0.9413876517641405,
  "test/sim_max_reward_100017": 0.9638184561948299,
  "test/sim_max_reward_100018": 0.995902071971581,
  "test/sim_max_reward_100019": 0.9610274765807327,
  "test/sim_max_reward_100020": 0.9874876173337127,
  "test/sim_max_reward_100021": 1.0,
  "test/sim_max_reward_100022": 0.9889731146763642,
  "test/sim_max_reward_100023": 0.9990814821538948,
  "test/sim_max_reward_100024": 0.9321776360855668,
  "test/sim_max_reward_100025": 1.0,
  "test/sim_max_reward_100026": 1.0,
  "test/sim_max_reward_100027": 1.0,
  "test/sim_max_reward_100028": 1.0,
  "test/sim_max_reward_100029": 1.0,
  "test/sim_max_reward_100030": 0.978356126232623,
  "test/sim_max_reward_100031": 1.0,
  "test/sim_max_reward_100032": 0.9689198211958338,
  "test/sim_max_reward_100033": 1.0,
  "test/sim_max_reward_100034": 1.0,
  "test/sim_max_reward_100035": 0.7955249276760288,
  "test/sim_max_reward_100036": 0.98684783808119,
  "test/sim_max_reward_100037": 1.0,
  "test/sim_max_reward_100038": 1.0,
  "test/sim_max_reward_100039": 1.0,
  "test/sim_max_reward_100040": 1.0,
  "test/sim_max_reward_100041": 0.9845261992618601,
  "test/sim_max_reward_100042": 0.9985218099222481,
  "test/sim_max_reward_100043": 1.0,
  "test/sim_max_reward_100044": 1.0,
  "test/sim_max_reward_100045": 1.0,
  "test/sim_max_reward_100046": 0.535403806490021,
  "test/sim_max_reward_100047": 1.0,
  "test/sim_max_reward_100048": 1.0,
  "test/sim_max_reward_100049": 0.8970603784366816,
  "test/sim_video_100000": "results/eval_output/coef_sh0p3_step4/media/4kap8ez4.mp4",
  "test/sim_video_100001": "results/eval_output/coef_sh0p3_step4/media/1avnx5y7.mp4",
  "test/sim_video_100002": "results/eval_output/coef_sh0p3_step4/media/lwkohrd7.mp4",
  "test/sim_video_100003": "results/eval_output/coef_sh0p3_step4/media/264vyf0p.mp4",
  "train/mean_score": 0.9621170514742325,
  "train/sim_max_reward_0": 0.9864911164899864,
  "train/sim_max_reward_1": 1.0,
  "train/sim_max_reward_2": 0.9097927081474249,
  "train/sim_max_reward_3": 0.9365888453608174,
  "train/sim_max_reward_4": 0.9721036505159357,
  "train/sim_max_reward_5": 0.9677259883312306,
  "train/sim_video_0": "results/eval_output/coef_sh0p3_step4/media/1xv5z2mq.mp4",
  "train/sim_video_1": "results/eval_output/coef_sh0p3_step4/media/4g166tyo.mp4"
}