{
  "test/mean_score": 0.9479611123678106,
  "test/sim_max_reward_100000": 0.922953046169522,
  "test/sim_max_reward_100001": 1.0,
  "test/sim_max_reward_100002": 0.9801906463724025,
  "test/sim_max_reward_100003": 0.9915581094679722,
  "test/sim_max_reward_100004": 1.0,
  "test/sim_max_reward_100005": 1.0,
  "test/sim_max_reward_100006": 1.0,
  "test/sim_max_reward_100007": 1.0,
  "test/sim_max_reward_100008": 1.0,
  "test/sim_max_reward_100009": 1.0,
  "test/sim_max_reward_100010": 0.9945360117251928,
  "test/sim_max_reward_100011": 0.9656530588896234,
  "test/sim_max_reward_100012": 0.9716327388646747,
  "test/sim_max_reward_100013": 0.9835324428632543,
  "test/sim_max_reward_100014": 1.0,
  "test/sim_max_reward_100015": 1.0,
  "test/sim_max_reward_100016": 0.9848675800145926,
  "test/sim_max_reward_100017": 1.0,
  "test/sim_max_reward_100018": 0.963663556612171,
  "test/sim_max_reward_100019": 1.0,
  "test/sim_max_reward_100020": 1.0,
  "test/sim_max_reward_100021": 1.0,
  "test/sim_max_reward_100022": 1.0,
  "test/sim_max_reward_100023": 1.0,
  "test/sim_max_reward_100024": 0.9965945582480793,
  "test/sim_max_reward_100025": 1.0,
  "test/sim_max_reward_100026": 1.0,
  "test/sim_max_reward_100027": 1.0,
  "test/sim_max_reward_100028": 0.9651308476718843,
  "test/sim_max_reward_100029": 1.0,
  "test/sim_max_reward_100030": 1.0,
  "test/sim_max_reward_100031": 0.9606681579267213,
  "test/sim_max_reward_100032": 1.0,
  "test/sim_max_reward_100033": 1.0,
  "test/sim_max_reward_100034": 1.0,
  "test/sim_max_reward_100035": 0.0,
  "test/sim_max_reward_100036": 1.0,
  "test/sim_max_reward_100037": 1.0,
  "test/sim_max_reward_100038": 1.0,
  "test/sim_max_reward_100039": 0.9576956288801782,
  "test/sim_max_reward_100040": 1.0,
  "test/sim_max_reward_100041": 1.0,
  "test/sim_max_reward_100042": 0.12494561984036893,
  "test/sim_max_reward_100043": 1.0,
  "test/sim_max_reward_100044": 1.0,
  "test/sim_max_reward_100045": 1.0,
  "test/sim_max_reward_100046": 0.682716785061949,
  "test/sim_max_reward_100047": 1.0,
  "test/sim_max_reward_100048": 1.0,
  "test/sim_max_reward_100049": 0.9517168297819416,
  "test/sim_video_100000": "results/eval_output/coef_sh0p1_step4/media/3cpu63hp.mp4",
  "test/sim_video_100001": "results/eval_output/coef_sh0p1_step4/media/7anx9ym6.mp4",
  "test/sim_video_100002": "results/eval_output/coef_sh0p1_step4/media/p7mwl2r6.mp4",
  "test/sim_video_100003": "results/eval_output/coef_sh0p1_step4/media/ubkshvaw.mp4",
  "train/mean_score": 0.9902192841000589,
  "train/sim_max_reward_0": 0.9784954643041921,
  "train/sim_max_reward_1": 1.0,
  "train/sim_max_reward_2": 1.0,
  "train/sim_max_reward_3": 1.0,
  "train/sim_max_reward_4": 1.0,
  "train/sim_max_reward_5": 0.9628202402961618,
  "train/sim_video_0": "results/eval_output/coef_sh0p1_step4/media/tqfu2mpu.mp4",
  "train/sim_video_1": "results/eval_output/coef_sh0p1_step4/media/rvh46pgd.mp4"
}