{
  "test/mean_score": 0.9478196630393242,
  "test/sim_max_reward_100000": 1.0,
  "test/sim_max_reward_100001": 0.9860917218466733,
  "test/sim_max_reward_100002": 1.0,
  "test/sim_max_reward_100003": 1.0,
  "test/sim_max_reward_100004": 1.0,
  "test/sim_max_reward_100005": 1.0,
  "test/sim_max_reward_100006": 1.0,
  "test/sim_max_reward_100007": 0.9665399586384666,
  "test/sim_max_reward_100008": 0.9795234096739336,
  "test/sim_max_reward_100009": 1.0,
  "test/sim_max_reward_100010": 1.0,
  "test/sim_max_reward_100011": 1.0,
  "test/sim_max_reward_100012": 1.0,
  "test/sim_max_reward_100013": 0.9980918882863316,
  "test/sim_max_reward_100014": 0.9771445833980428,
  "test/sim_max_reward_100015": 1.0,
  "test/sim_max_reward_100016": 0.6822425690099997,
  "test/sim_max_reward_100017": 1.0,
  "test/sim_max_reward_100018": 0.9418041705296647,
  "test/sim_max_reward_100019": 0.8490059647612314,
  "test/sim_max_reward_100020": 1.0,
  "test/sim_max_reward_100021": 1.0,
  "test/sim_max_reward_100022": 0.9982103433918109,
  "test/sim_max_reward_100023": 1.0,
  "test/sim_max_reward_100024": 0.952749484560173,
  "test/sim_max_reward_100025": 1.0,
  "test/sim_max_reward_100026": 1.0,
  "test/sim_max_reward_100027": 0.930485835058551,
  "test/sim_max_reward_100028": 0.9788433923056831,
  "test/sim_max_reward_100029": 1.0,
  "test/sim_max_reward_100030": 0.9605333340061225,
  "test/sim_max_reward_100031": 0.9734622526200049,
  "test/sim_max_reward_100032": 1.0,
  "test/sim_max_reward_100033": 1.0,
  "test/sim_max_reward_100034": 0.9328044086834542,
  "test/sim_max_reward_100035": 0.006340672975164048,
  "test/sim_max_reward_100036": 1.0,
  "test/sim_max_reward_100037": 0.9244093592021659,
  "test/sim_max_reward_100038": 0.4909175940224228,
  "test/sim_max_reward_100039": 1.0,
  "test/sim_max_reward_100040": 0.9801249118968443,
  "test/sim_max_reward_100041": 0.9905439085139102,
  "test/sim_max_reward_100042": 0.9854739064578847,
  "test/sim_max_reward_100043": 1.0,
  "test/sim_max_reward_100044": 1.0,
  "test/sim_max_reward_100045": 0.9669406770577194,
  "test/sim_max_reward_100046": 0.9499341522797878,
  "test/sim_max_reward_100047": 1.0,
  "test/sim_max_reward_100048": 1.0,
  "test/sim_max_reward_100049": 0.9887646527901688,
  "test/sim_video_100000": "results/eval_output/coef_split2_step4/media/5a5gjvzt.mp4",
  "test/sim_video_100001": "results/eval_output/coef_split2_step4/media/6v8y1xsa.mp4",
  "test/sim_video_100002": "results/eval_output/coef_split2_step4/media/p285fgk1.mp4",
  "test/sim_video_100003": "results/eval_output/coef_split2_step4/media/yuei23o1.mp4",
  "train/mean_score": 0.9361374479495335,
  "train/sim_max_reward_0": 1.0,
  "train/sim_max_reward_1": 1.0,
  "train/sim_max_reward_2": 0.7545315399623941,
  "train/sim_max_reward_3": 1.0,
  "train/sim_max_reward_4": 0.9622432053842714,
  "train/sim_max_reward_5": 0.9000499423505358,
  "train/sim_video_0": "results/eval_output/coef_split2_step4/media/p359q4pr.mp4",
  "train/sim_video_1": "results/eval_output/coef_split2_step4/media/h65tdi2m.mp4"
}