{
  "test/mean_score": 0.99095007773409,
  "test/sim_max_reward_100000": 0.9869512978879589,
  "test/sim_max_reward_100001": 1.0,
  "test/sim_max_reward_100002": 1.0,
  "test/sim_max_reward_100003": 1.0,
  "test/sim_max_reward_100004": 0.9923093405820195,
  "test/sim_max_reward_100005": 0.9559809481696674,
  "test/sim_max_reward_100006": 1.0,
  "test/sim_max_reward_100007": 1.0,
  "test/sim_max_reward_100008": 1.0,
  "test/sim_max_reward_100009": 1.0,
  "test/sim_max_reward_100010": 1.0,
  "test/sim_max_reward_100011": 1.0,
  "test/sim_max_reward_100012": 0.9428281416979328,
  "test/sim_max_reward_100013": 1.0,
  "test/sim_max_reward_100014": 1.0,
  "test/sim_max_reward_100015": 1.0,
  "test/sim_max_reward_100016": 0.978240491052894,
  "test/sim_max_reward_100017": 1.0,
  "test/sim_max_reward_100018": 0.9985707236420756,
  "test/sim_max_reward_100019": 1.0,
  "test/sim_max_reward_100020": 1.0,
  "test/sim_max_reward_100021": 1.0,
  "test/sim_max_reward_100022": 1.0,
  "test/sim_max_reward_100023": 1.0,
  "test/sim_max_reward_100024": 1.0,
  "test/sim_max_reward_100025": 0.9907872494568961,
  "test/sim_max_reward_100026": 1.0,
  "test/sim_max_reward_100027": 1.0,
  "test/sim_max_reward_100028": 1.0,
  "test/sim_max_reward_100029": 1.0,
  "test/sim_max_reward_100030": 0.9943576341798547,
  "test/sim_max_reward_100031": 1.0,
  "test/sim_max_reward_100032": 0.9999683736734449,
  "test/sim_max_reward_100033": 1.0,
  "test/sim_max_reward_100034": 0.9703145356125024,
  "test/sim_max_reward_100035": 0.9578996246270073,
  "test/sim_max_reward_100036": 0.9001971575992602,
  "test/sim_max_reward_100037": 1.0,
  "test/sim_max_reward_100038": 1.0,
  "test/sim_max_reward_100039": 1.0,
  "test/sim_max_reward_100040": 1.0,
  "test/sim_max_reward_100041": 0.9652373807482076,
  "test/sim_max_reward_100042": 0.9531403267292065,
  "test/sim_max_reward_100043": 0.9848898847786445,
  "test/sim_max_reward_100044": 1.0,
  "test/sim_max_reward_100045": 1.0,
  "test/sim_max_reward_100046": 1.0,
  "test/sim_max_reward_100047": 0.998548266926801,
  "test/sim_max_reward_100048": 0.9772825093401387,
  "test/sim_max_reward_100049": 1.0,
  "test/sim_video_100000": "results/eval_output/coef_split12_step4/media/pemejzuk.mp4",
  "test/sim_video_100001": "results/eval_output/coef_split12_step4/media/wvnioqph.mp4",
  "test/sim_video_100002": "results/eval_output/coef_split12_step4/media/utv20scl.mp4",
  "test/sim_video_100003": "results/eval_output/coef_split12_step4/media/xmsfdybz.mp4",
  "train/mean_score": 0.9760584829888947,
  "train/sim_max_reward_0": 0.9781400884099912,
  "train/sim_max_reward_1": 1.0,
  "train/sim_max_reward_2": 0.9823581179787072,
  "train/sim_max_reward_3": 1.0,
  "train/sim_max_reward_4": 0.9401582792007844,
  "train/sim_max_reward_5": 0.9556944123438857,
  "train/sim_video_0": "results/eval_output/coef_split12_step4/media/4s84xonq.mp4",
  "train/sim_video_1": "results/eval_output/coef_split12_step4/media/k8inuv5w.mp4"
}