{
  "test/mean_score": 0.9373392710282917,
  "test/sim_max_reward_100000": 0.9814682495626904,
  "test/sim_max_reward_100001": 1.0,
  "test/sim_max_reward_100002": 1.0,
  "test/sim_max_reward_100003": 1.0,
  "test/sim_max_reward_100004": 1.0,
  "test/sim_max_reward_100005": 1.0,
  "test/sim_max_reward_100006": 0.9711023811735552,
  "test/sim_max_reward_100007": 1.0,
  "test/sim_max_reward_100008": 0.9943446648768323,
  "test/sim_max_reward_100009": 1.0,
  "test/sim_max_reward_100010": 0.9984833836510275,
  "test/sim_max_reward_100011": 1.0,
  "test/sim_max_reward_100012": 0.09376073260811933,
  "test/sim_max_reward_100013": 1.0,
  "test/sim_max_reward_100014": 1.0,
  "test/sim_max_reward_100015": 1.0,
  "test/sim_max_reward_100016": 1.0,
  "test/sim_max_reward_100017": 0.9850102685594688,
  "test/sim_max_reward_100018": 1.0,
  "test/sim_max_reward_100019": 1.0,
  "test/sim_max_reward_100020": 1.0,
  "test/sim_max_reward_100021": 1.0,
  "test/sim_max_reward_100022": 1.0,
  "test/sim_max_reward_100023": 1.0,
  "test/sim_max_reward_100024": 0.9708076022211599,
  "test/sim_max_reward_100025": 0.9888507889791053,
  "test/sim_max_reward_100026": 0.9928247293174114,
  "test/sim_max_reward_100027": 1.0,
  "test/sim_max_reward_100028": 0.9961209752342745,
  "test/sim_max_reward_100029": 1.0,
  "test/sim_max_reward_100030": 0.0,
  "test/sim_max_reward_100031": 1.0,
  "test/sim_max_reward_100032": 0.9998978575342002,
  "test/sim_max_reward_100033": 0.9715949874824928,
  "test/sim_max_reward_100034": 0.9976833604339714,
  "test/sim_max_reward_100035": 0.0,
  "test/sim_max_reward_100036": 1.0,
  "test/sim_max_reward_100037": 1.0,
  "test/sim_max_reward_100038": 1.0,
  "test/sim_max_reward_100039": 1.0,
  "test/sim_max_reward_100040": 1.0,
  "test/sim_max_reward_100041": 1.0,
  "test/sim_max_reward_100042": 1.0,
  "test/sim_max_reward_100043": 0.9250135697802746,
  "test/sim_max_reward_100044": 1.0,
  "test/sim_max_reward_100045": 1.0,
  "test/sim_max_reward_100046": 1.0,
  "test/sim_max_reward_100047": 1.0,
  "test/sim_max_reward_100048": 1.0,
  "test/sim_max_reward_100049": 1.0,
  "test/sim_video_100000": "results/eval_output/v2c_split08_sh02_step8/media/gi464kka.mp4",
  "test/sim_video_100001": "results/eval_output/v2c_split08_sh02_step8/media/brmmguaw.mp4",
  "test/sim_video_100002": "results/eval_output/v2c_split08_sh02_step8/media/3sadedcg.mp4",
  "test/sim_video_100003": "results/eval_output/v2c_split08_sh02_step8/media/wa8mepub.mp4",
  "train/mean_score": 0.9805262528205448,
  "train/sim_max_reward_0": 0.9968192947380362,
  "train/sim_max_reward_1": 1.0,
  "train/sim_max_reward_2": 0.8863382221852334,
  "train/sim_max_reward_3": 1.0,
  "train/sim_max_reward_4": 1.0,
  "train/sim_max_reward_5": 1.0,
  "train/sim_video_0": "results/eval_output/v2c_split08_sh02_step8/media/6rhid1i9.mp4",
  "train/sim_video_1": "results/eval_output/v2c_split08_sh02_step8/media/9n53krsw.mp4"
}