{
  "test/mean_score": 0.9656750977811451,
  "test/sim_max_reward_100000": 0.9053250537771951,
  "test/sim_max_reward_100001": 0.9488259754485633,
  "test/sim_max_reward_100002": 0.9779705782300221,
  "test/sim_max_reward_100003": 0.9827176774499113,
  "test/sim_max_reward_100004": 1.0,
  "test/sim_max_reward_100005": 0.9882648932357753,
  "test/sim_max_reward_100006": 0.9253867156341805,
  "test/sim_max_reward_100007": 1.0,
  "test/sim_max_reward_100008": 1.0,
  "test/sim_max_reward_100009": 1.0,
  "test/sim_max_reward_100010": 0.9896964428175893,
  "test/sim_max_reward_100011": 0.9909130706335508,
  "test/sim_max_reward_100012": 1.0,
  "test/sim_max_reward_100013": 1.0,
  "test/sim_max_reward_100014": 1.0,
  "test/sim_max_reward_100015": 0.9985602222591081,
  "test/sim_max_reward_100016": 1.0,
  "test/sim_max_reward_100017": 1.0,
  "test/sim_max_reward_100018": 0.8842261595689813,
  "test/sim_max_reward_100019": 0.9633117069019589,
  "test/sim_max_reward_100020": 0.9807660742403917,
  "test/sim_max_reward_100021": 0.9573187030887222,
  "test/sim_max_reward_100022": 0.9761538215160929,
  "test/sim_max_reward_100023": 1.0,
  "test/sim_max_reward_100024": 0.9883939490797001,
  "test/sim_max_reward_100025": 0.9552389355519947,
  "test/sim_max_reward_100026": 0.9972545075342125,
  "test/sim_max_reward_100027": 0.9091218045912243,
  "test/sim_max_reward_100028": 0.9589976016253628,
  "test/sim_max_reward_100029": 1.0,
  "test/sim_max_reward_100030": 0.9793549091625847,
  "test/sim_max_reward_100031": 0.9702675231471559,
  "test/sim_max_reward_100032": 1.0,
  "test/sim_max_reward_100033": 0.9945996131495781,
  "test/sim_max_reward_100034": 1.0,
  "test/sim_max_reward_100035": 0.9745164897994246,
  "test/sim_max_reward_100036": 0.7681154795757509,
  "test/sim_max_reward_100037": 0.9349495751669155,
  "test/sim_max_reward_100038": 0.8293699433537058,
  "test/sim_max_reward_100039": 0.9822022693782999,
  "test/sim_max_reward_100040": 1.0,
  "test/sim_max_reward_100041": 1.0,
  "test/sim_max_reward_100042": 1.0,
  "test/sim_max_reward_100043": 1.0,
  "test/sim_max_reward_100044": 0.9446333626363533,
  "test/sim_max_reward_100045": 1.0,
  "test/sim_max_reward_100046": 0.6313034460136434,
  "test/sim_max_reward_100047": 1.0,
  "test/sim_max_reward_100048": 1.0,
  "test/sim_max_reward_100049": 0.9959983844893086,
  "test/sim_video_100000": "results/eval_output/freq_split08_sh05_step4/media/13nregcg.mp4",
  "test/sim_video_100001": "results/eval_output/freq_split08_sh05_step4/media/7gia5id5.mp4",
  "test/sim_video_100002": "results/eval_output/freq_split08_sh05_step4/media/96adkagg.mp4",
  "test/sim_video_100003": "results/eval_output/freq_split08_sh05_step4/media/u5qp5hsz.mp4",
  "train/mean_score": 0.9873200794986404,
  "train/sim_max_reward_0": 0.9526466297871073,
  "train/sim_max_reward_1": 1.0,
  "train/sim_max_reward_2": 0.9743048022122455,
  "train/sim_max_reward_3": 0.9969690449924898,
  "train/sim_max_reward_4": 1.0,
  "train/sim_max_reward_5": 1.0,
  "train/sim_video_0": "results/eval_output/freq_split08_sh05_step4/media/d47q3rm4.mp4",
  "train/sim_video_1": "results/eval_output/freq_split08_sh05_step4/media/852l4xrh.mp4"
}