{
  "test/mean_score": 0.8122317870673027,
  "test/sim_max_reward_100000": 0.9878594198274651,
  "test/sim_max_reward_100001": 0.40771867940161177,
  "test/sim_max_reward_100002": 0.9089974436346995,
  "test/sim_max_reward_100003": 0.7544248799478215,
  "test/sim_max_reward_100004": 0.9557465639368553,
  "test/sim_max_reward_100005": 0.830002327896186,
  "test/sim_max_reward_100006": 0.917057919100071,
  "test/sim_max_reward_100007": 0.6525921015781246,
  "test/sim_max_reward_100008": 0.6330973778958249,
  "test/sim_max_reward_100009": 0.9962918255251783,
  "test/sim_max_reward_100010": 0.46677083747796655,
  "test/sim_max_reward_100011": 0.744916340854652,
  "test/sim_max_reward_100012": 0.9883884117455044,
  "test/sim_max_reward_100013": 0.926151287107348,
  "test/sim_max_reward_100014": 0.7922223096883554,
  "test/sim_max_reward_100015": 0.9948007956621201,
  "test/sim_max_reward_100016": 0.4966878809481543,
  "test/sim_max_reward_100017": 1.0,
  "test/sim_max_reward_100018": 0.7971447129114135,
  "test/sim_max_reward_100019": 0.749740276442747,
  "test/sim_max_reward_100020": 0.9626208115889208,
  "test/sim_max_reward_100021": 0.9147099808424083,
  "test/sim_max_reward_100022": 0.9857557655058953,
  "test/sim_max_reward_100023": 0.8412406679212827,
  "test/sim_max_reward_100024": 0.8966644799703587,
  "test/sim_max_reward_100025": 0.8607167938602268,
  "test/sim_max_reward_100026": 0.9771566533495396,
  "test/sim_max_reward_100027": 0.49618320199005084,
  "test/sim_max_reward_100028": 0.6171400834458048,
  "test/sim_max_reward_100029": 0.9415644743766591,
  "test/sim_max_reward_100030": 0.8935883293496171,
  "test/sim_max_reward_100031": 0.660506409906074,
  "test/sim_max_reward_100032": 0.9343232613683617,
  "test/sim_max_reward_100033": 0.9930858829023725,
  "test/sim_max_reward_100034": 0.8966276349046085,
  "test/sim_max_reward_100035": 0.30843460394416106,
  "test/sim_max_reward_100036": 0.9021338631049212,
  "test/sim_max_reward_100037": 0.975996945258788,
  "test/sim_max_reward_100038": 0.7199863969307158,
  "test/sim_max_reward_100039": 0.8792897174626767,
  "test/sim_max_reward_100040": 0.8623395962986331,
  "test/sim_max_reward_100041": 0.9115785974075333,
  "test/sim_max_reward_100042": 0.8204366728121043,
  "test/sim_max_reward_100043": 0.4102800165794426,
  "test/sim_max_reward_100044": 0.9152719982825809,
  "test/sim_max_reward_100045": 0.8191102635365097,
  "test/sim_max_reward_100046": 0.6461617956911376,
  "test/sim_max_reward_100047": 0.8064039946129662,
  "test/sim_max_reward_100048": 0.9381914540922277,
  "test/sim_max_reward_100049": 0.8234776144864574,
  "test/sim_video_100000": "results/eval_output/coef_sh0p0_step4/media/rx5ndqqz.mp4",
  "test/sim_video_100001": "results/eval_output/coef_sh0p0_step4/media/9hjxvdq5.mp4",
  "test/sim_video_100002": "results/eval_output/coef_sh0p0_step4/media/b3khjinr.mp4",
  "test/sim_video_100003": "results/eval_output/coef_sh0p0_step4/media/tdxkysfq.mp4",
  "train/mean_score": 0.6454388045130758,
  "train/sim_max_reward_0": 0.6323634383931384,
  "train/sim_max_reward_1": 0.754058542553128,
  "train/sim_max_reward_2": 0.25272042094027625,
  "train/sim_max_reward_3": 0.7682804459179857,
  "train/sim_max_reward_4": 0.7615678473766728,
  "train/sim_max_reward_5": 0.7036421318972538,
  "train/sim_video_0": "results/eval_output/coef_sh0p0_step4/media/jw76a04m.mp4",
  "train/sim_video_1": "results/eval_output/coef_sh0p0_step4/media/ae6432lx.mp4"
}