{
  "test/mean_score": 0.9670748660136559,
  "test/sim_max_reward_100000": 0.9991960500907525,
  "test/sim_max_reward_100001": 0.9919222260892782,
  "test/sim_max_reward_100002": 1.0,
  "test/sim_max_reward_100003": 0.9997494440045193,
  "test/sim_max_reward_100004": 1.0,
  "test/sim_max_reward_100005": 1.0,
  "test/sim_max_reward_100006": 0.9955909738701727,
  "test/sim_max_reward_100007": 0.946711014978493,
  "test/sim_max_reward_100008": 1.0,
  "test/sim_max_reward_100009": 0.9928258603038255,
  "test/sim_max_reward_100010": 0.9941926777422357,
  "test/sim_max_reward_100011": 1.0,
  "test/sim_max_reward_100012": 1.0,
  "test/sim_max_reward_100013": 0.9598831710832673,
  "test/sim_max_reward_100014": 1.0,
  "test/sim_max_reward_100015": 0.9422826912322819,
  "test/sim_max_reward_100016": 1.0,
  "test/sim_max_reward_100017": 0.8903368817620049,
  "test/sim_max_reward_100018": 0.9740984216063143,
  "test/sim_max_reward_100019": 0.9797249384232176,
  "test/sim_max_reward_100020": 1.0,
  "test/sim_max_reward_100021": 1.0,
  "test/sim_max_reward_100022": 1.0,
  "test/sim_max_reward_100023": 0.9486970742423696,
  "test/sim_max_reward_100024": 1.0,
  "test/sim_max_reward_100025": 1.0,
  "test/sim_max_reward_100026": 0.9900522414713858,
  "test/sim_max_reward_100027": 0.9958720932419529,
  "test/sim_max_reward_100028": 1.0,
  "test/sim_max_reward_100029": 0.9856195700727088,
  "test/sim_max_reward_100030": 1.0,
  "test/sim_max_reward_100031": 0.9897234080058286,
  "test/sim_max_reward_100032": 1.0,
  "test/sim_max_reward_100033": 0.970429248280594,
  "test/sim_max_reward_100034": 1.0,
  "test/sim_max_reward_100035": 0.0,
  "test/sim_max_reward_100036": 1.0,
  "test/sim_max_reward_100037": 1.0,
  "test/sim_max_reward_100038": 0.9611177521297996,
  "test/sim_max_reward_100039": 1.0,
  "test/sim_max_reward_100040": 1.0,
  "test/sim_max_reward_100041": 0.9568457326334151,
  "test/sim_max_reward_100042": 0.9597664689888769,
  "test/sim_max_reward_100043": 0.9720252509552858,
  "test/sim_max_reward_100044": 1.0,
  "test/sim_max_reward_100045": 1.0,
  "test/sim_max_reward_100046": 0.996186166490551,
  "test/sim_max_reward_100047": 0.9718013518016665,
  "test/sim_max_reward_100048": 1.0,
  "test/sim_max_reward_100049": 0.9890925911820021,
  "test/sim_video_100000": "results/eval_output/freq_split08_random_step4/media/d00v390w.mp4",
  "test/sim_video_100001": "results/eval_output/freq_split08_random_step4/media/zv95wspl.mp4",
  "test/sim_video_100002": "results/eval_output/freq_split08_random_step4/media/zwmv0fdt.mp4",
  "test/sim_video_100003": "results/eval_output/freq_split08_random_step4/media/t0sohcgv.mp4",
  "train/mean_score": 0.9900304244061906,
  "train/sim_max_reward_0": 1.0,
  "train/sim_max_reward_1": 1.0,
  "train/sim_max_reward_2": 0.9749910027540579,
  "train/sim_max_reward_3": 0.9651915436830858,
  "train/sim_max_reward_4": 1.0,
  "train/sim_max_reward_5": 1.0,
  "train/sim_video_0": "results/eval_output/freq_split08_random_step4/media/7cx2bffs.mp4",
  "train/sim_video_1": "results/eval_output/freq_split08_random_step4/media/rkc4ecki.mp4"
}