{
  "test/mean_score": 0.9464894617200835,
  "test/sim_max_reward_100000": 1.0,
  "test/sim_max_reward_100001": 1.0,
  "test/sim_max_reward_100002": 0.9770914321252766,
  "test/sim_max_reward_100003": 1.0,
  "test/sim_max_reward_100004": 0.9885619862992107,
  "test/sim_max_reward_100005": 0.9755669097416952,
  "test/sim_max_reward_100006": 0.9125425402746574,
  "test/sim_max_reward_100007": 0.879010862839127,
  "test/sim_max_reward_100008": 0.786329563048512,
  "test/sim_max_reward_100009": 1.0,
  "test/sim_max_reward_100010": 1.0,
  "test/sim_max_reward_100011": 1.0,
  "test/sim_max_reward_100012": 0.9879483224489163,
  "test/sim_max_reward_100013": 0.9790236939203157,
  "test/sim_max_reward_100014": 0.9184190459483009,
  "test/sim_max_reward_100015": 0.9856223472344221,
  "test/sim_max_reward_100016": 1.0,
  "test/sim_max_reward_100017": 1.0,
  "test/sim_max_reward_100018": 0.972292167757186,
  "test/sim_max_reward_100019": 0.9884164622909951,
  "test/sim_max_reward_100020": 0.9654366662098257,
  "test/sim_max_reward_100021": 0.9014331706655663,
  "test/sim_max_reward_100022": 1.0,
  "test/sim_max_reward_100023": 1.0,
  "test/sim_max_reward_100024": 1.0,
  "test/sim_max_reward_100025": 1.0,
  "test/sim_max_reward_100026": 1.0,
  "test/sim_max_reward_100027": 0.9937542071196029,
  "test/sim_max_reward_100028": 1.0,
  "test/sim_max_reward_100029": 1.0,
  "test/sim_max_reward_100030": 0.0,
  "test/sim_max_reward_100031": 0.9788226775039296,
  "test/sim_max_reward_100032": 1.0,
  "test/sim_max_reward_100033": 1.0,
  "test/sim_max_reward_100034": 0.9984510375578267,
  "test/sim_max_reward_100035": 0.9416369239970835,
  "test/sim_max_reward_100036": 0.4664809743981194,
  "test/sim_max_reward_100037": 0.9935559329037209,
  "test/sim_max_reward_100038": 0.9534690587278212,
  "test/sim_max_reward_100039": 0.9368720572481525,
  "test/sim_max_reward_100040": 1.0,
  "test/sim_max_reward_100041": 1.0,
  "test/sim_max_reward_100042": 1.0,
  "test/sim_max_reward_100043": 0.9942621836536231,
  "test/sim_max_reward_100044": 0.9885912214657917,
  "test/sim_max_reward_100045": 1.0,
  "test/sim_max_reward_100046": 0.9836448649026994,
  "test/sim_max_reward_100047": 0.9605653759042014,
  "test/sim_max_reward_100048": 0.9516213248475002,
  "test/sim_max_reward_100049": 0.9650500749701039,
  "test/sim_video_100000": "results/eval_output/v2c_split08_sh02_step2/media/mciod0gd.mp4",
  "test/sim_video_100001": "results/eval_output/v2c_split08_sh02_step2/media/jl6eja8y.mp4",
  "test/sim_video_100002": "results/eval_output/v2c_split08_sh02_step2/media/kas2tkep.mp4",
  "test/sim_video_100003": "results/eval_output/v2c_split08_sh02_step2/media/erhv40ms.mp4",
  "train/mean_score": 0.7548553874413683,
  "train/sim_max_reward_0": 0.5816100938822898,
  "train/sim_max_reward_1": 1.0,
  "train/sim_max_reward_2": 0.0,
  "train/sim_max_reward_3": 0.9475222307659193,
  "train/sim_max_reward_4": 1.0,
  "train/sim_max_reward_5": 1.0,
  "train/sim_video_0": "results/eval_output/v2c_split08_sh02_step2/media/q881k8hb.mp4",
  "train/sim_video_1": "results/eval_output/v2c_split08_sh02_step2/media/k0dh4pp4.mp4"
}