{
  "test/mean_score": 0.9086130060827139,
  "test/sim_max_reward_100000": 0.8211866042919638,
  "test/sim_max_reward_100001": 1.0,
  "test/sim_max_reward_100002": 0.9609209444052228,
  "test/sim_max_reward_100003": 1.0,
  "test/sim_max_reward_100004": 0.8548629831618312,
  "test/sim_max_reward_100005": 0.9569750304878932,
  "test/sim_max_reward_100006": 1.0,
  "test/sim_max_reward_100007": 0.930740757434385,
  "test/sim_max_reward_100008": 0.9721466289841818,
  "test/sim_max_reward_100009": 0.9926034423855862,
  "test/sim_max_reward_100010": 1.0,
  "test/sim_max_reward_100011": 0.9854693120924002,
  "test/sim_max_reward_100012": 0.9762682394650674,
  "test/sim_max_reward_100013": 0.9991830002990257,
  "test/sim_max_reward_100014": 1.0,
  "test/sim_max_reward_100015": 0.9893491755856385,
  "test/sim_max_reward_100016": 1.0,
  "test/sim_max_reward_100017": 1.0,
  "test/sim_max_reward_100018": 0.875923970579657,
  "test/sim_max_reward_100019": 0.6522086373714902,
  "test/sim_max_reward_100020": 1.0,
  "test/sim_max_reward_100021": 0.4324699221760655,
  "test/sim_max_reward_100022": 1.0,
  "test/sim_max_reward_100023": 0.9940855150267195,
  "test/sim_max_reward_100024": 1.0,
  "test/sim_max_reward_100025": 0.788388038844823,
  "test/sim_max_reward_100026": 0.9736414918454539,
  "test/sim_max_reward_100027": 0.947303486138218,
  "test/sim_max_reward_100028": 0.9951526257379466,
  "test/sim_max_reward_100029": 0.953740087466217,
  "test/sim_max_reward_100030": 0.2876011771568892,
  "test/sim_max_reward_100031": 0.8245187110502878,
  "test/sim_max_reward_100032": 1.0,
  "test/sim_max_reward_100033": 1.0,
  "test/sim_max_reward_100034": 0.9518618015175998,
  "test/sim_max_reward_100035": 0.9686914147785041,
  "test/sim_max_reward_100036": 0.9550718483577666,
  "test/sim_max_reward_100037": 0.8942150199390265,
  "test/sim_max_reward_100038": 0.9239406052199537,
  "test/sim_max_reward_100039": 0.9913121322247886,
  "test/sim_max_reward_100040": 0.9640252483640108,
  "test/sim_max_reward_100041": 0.8049892692637486,
  "test/sim_max_reward_100042": 1.0,
  "test/sim_max_reward_100043": 0.0,
  "test/sim_max_reward_100044": 0.9984152388325854,
  "test/sim_max_reward_100045": 0.9906639201081006,
  "test/sim_max_reward_100046": 0.9366454114711102,
  "test/sim_max_reward_100047": 1.0,
  "test/sim_max_reward_100048": 0.9762063574181961,
  "test/sim_max_reward_100049": 0.9098722546533409,
  "test/sim_video_100000": "results/eval_output/freq_split04_random_step4/media/lsux2ooo.mp4",
  "test/sim_video_100001": "results/eval_output/freq_split04_random_step4/media/w9ytsy4u.mp4",
  "test/sim_video_100002": "results/eval_output/freq_split04_random_step4/media/5gympk1w.mp4",
  "test/sim_video_100003": "results/eval_output/freq_split04_random_step4/media/wce90rpv.mp4",
  "train/mean_score": 0.8255133391172347,
  "train/sim_max_reward_0": 0.977495695755498,
  "train/sim_max_reward_1": 0.9461170750588986,
  "train/sim_max_reward_2": 0.15114168486409116,
  "train/sim_max_reward_3": 0.9917351002808038,
  "train/sim_max_reward_4": 0.9531546907692192,
  "train/sim_max_reward_5": 0.9334357879748969,
  "train/sim_video_0": "results/eval_output/freq_split04_random_step4/media/fxn0760i.mp4",
  "train/sim_video_1": "results/eval_output/freq_split04_random_step4/media/vsnr3kxa.mp4"
}