{
  "test/mean_score": 0.9863722872361997,
  "test/sim_max_reward_100000": 0.9854122351916529,
  "test/sim_max_reward_100001": 1.0,
  "test/sim_max_reward_100002": 1.0,
  "test/sim_max_reward_100003": 1.0,
  "test/sim_max_reward_100004": 1.0,
  "test/sim_max_reward_100005": 1.0,
  "test/sim_max_reward_100006": 1.0,
  "test/sim_max_reward_100007": 0.994972191176207,
  "test/sim_max_reward_100008": 1.0,
  "test/sim_max_reward_100009": 1.0,
  "test/sim_max_reward_100010": 0.989873146223793,
  "test/sim_max_reward_100011": 1.0,
  "test/sim_max_reward_100012": 0.9319118573641241,
  "test/sim_max_reward_100013": 0.9691685431451665,
  "test/sim_max_reward_100014": 1.0,
  "test/sim_max_reward_100015": 1.0,
  "test/sim_max_reward_100016": 0.988169944306274,
  "test/sim_max_reward_100017": 1.0,
  "test/sim_max_reward_100018": 0.972358861711546,
  "test/sim_max_reward_100019": 1.0,
  "test/sim_max_reward_100020": 1.0,
  "test/sim_max_reward_100021": 1.0,
  "test/sim_max_reward_100022": 0.9946833007112208,
  "test/sim_max_reward_100023": 1.0,
  "test/sim_max_reward_100024": 0.9732899382779254,
  "test/sim_max_reward_100025": 1.0,
  "test/sim_max_reward_100026": 1.0,
  "test/sim_max_reward_100027": 0.8732726085874103,
  "test/sim_max_reward_100028": 0.9886323856798941,
  "test/sim_max_reward_100029": 1.0,
  "test/sim_max_reward_100030": 0.8227507835214373,
  "test/sim_max_reward_100031": 0.9805361003309413,
  "test/sim_max_reward_100032": 0.9749412851806324,
  "test/sim_max_reward_100033": 1.0,
  "test/sim_max_reward_100034": 1.0,
  "test/sim_max_reward_100035": 0.9674629419789055,
  "test/sim_max_reward_100036": 0.9711545155528903,
  "test/sim_max_reward_100037": 0.9680215200434479,
  "test/sim_max_reward_100038": 1.0,
  "test/sim_max_reward_100039": 0.9874005290357432,
  "test/sim_max_reward_100040": 1.0,
  "test/sim_max_reward_100041": 1.0,
  "test/sim_max_reward_100042": 0.996671147101662,
  "test/sim_max_reward_100043": 0.987930526689111,
  "test/sim_max_reward_100044": 1.0,
  "test/sim_max_reward_100045": 1.0,
  "test/sim_max_reward_100046": 1.0,
  "test/sim_max_reward_100047": 1.0,
  "test/sim_max_reward_100048": 1.0,
  "test/sim_max_reward_100049": 1.0,
  "test/sim_video_100000": "results/eval_output/freq_split04_sh02_step4/media/pj9dekef.mp4",
  "test/sim_video_100001": "results/eval_output/freq_split04_sh02_step4/media/wmmddols.mp4",
  "test/sim_video_100002": "results/eval_output/freq_split04_sh02_step4/media/cwjpxbpy.mp4",
  "test/sim_video_100003": "results/eval_output/freq_split04_sh02_step4/media/wou0l26t.mp4",
  "train/mean_score": 0.9832333064413826,
  "train/sim_max_reward_0": 1.0,
  "train/sim_max_reward_1": 0.9848358512073631,
  "train/sim_max_reward_2": 0.9145639874409326,
  "train/sim_max_reward_3": 1.0,
  "train/sim_max_reward_4": 1.0,
  "train/sim_max_reward_5": 1.0,
  "train/sim_video_0": "results/eval_output/freq_split04_sh02_step4/media/tey8icoy.mp4",
  "train/sim_video_1": "results/eval_output/freq_split04_sh02_step4/media/drb1o079.mp4"
}