{
  "test/mean_score": 0.4913748979627718,
  "test/sim_max_reward_100000": 0.0,
  "test/sim_max_reward_100001": 0.36262785862208463,
  "test/sim_max_reward_100002": 0.8549626494943372,
  "test/sim_max_reward_100003": 0.5344091345063889,
  "test/sim_max_reward_100004": 0.4726168020732944,
  "test/sim_max_reward_100005": 0.6024566300007002,
  "test/sim_max_reward_100006": 0.08099498118329146,
  "test/sim_max_reward_100007": 0.8909186506974872,
  "test/sim_max_reward_100008": 0.4637978669857616,
  "test/sim_max_reward_100009": 0.6426507231984476,
  "test/sim_max_reward_100010": 0.5635681526839343,
  "test/sim_max_reward_100011": 0.7390271819316517,
  "test/sim_max_reward_100012": 0.47618408162464543,
  "test/sim_max_reward_100013": 0.8646882789695698,
  "test/sim_max_reward_100014": 0.5380220930944859,
  "test/sim_max_reward_100015": 0.581248922759767,
  "test/sim_max_reward_100016": 0.8335001969189264,
  "test/sim_max_reward_100017": 0.4930956345360611,
  "test/sim_max_reward_100018": 0.8402240259154758,
  "test/sim_max_reward_100019": 0.6186672999060748,
  "test/sim_max_reward_100020": 0.675784650459766,
  "test/sim_max_reward_100021": 0.10116462347366638,
  "test/sim_max_reward_100022": 0.5693620021609096,
  "test/sim_max_reward_100023": 0.21073944261721694,
  "test/sim_max_reward_100024": 0.8065848960267312,
  "test/sim_max_reward_100025": 0.37828619595503976,
  "test/sim_max_reward_100026": 0.5014497283436461,
  "test/sim_max_reward_100027": 0.3775091041964929,
  "test/sim_max_reward_100028": 0.5748675796662559,
  "test/sim_max_reward_100029": 0.6492131808300425,
  "test/sim_max_reward_100030": 0.4958272456152112,
  "test/sim_max_reward_100031": 0.8368198000049151,
  "test/sim_max_reward_100032": 0.21883562099726123,
  "test/sim_max_reward_100033": 0.15431286457904408,
  "test/sim_max_reward_100034": 0.37912759503839794,
  "test/sim_max_reward_100035": 0.34069983515209906,
  "test/sim_max_reward_100036": 0.39667396888610573,
  "test/sim_max_reward_100037": 0.6078663654431292,
  "test/sim_max_reward_100038": 0.20676032250073373,
  "test/sim_max_reward_100039": 0.4898393686303985,
  "test/sim_max_reward_100040": 0.5027147013530272,
  "test/sim_max_reward_100041": 0.03319228824566818,
  "test/sim_max_reward_100042": 0.16728923038387886,
  "test/sim_max_reward_100043": 0.18832838352902806,
  "test/sim_max_reward_100044": 0.443567147303663,
  "test/sim_max_reward_100045": 0.24177854425055986,
  "test/sim_max_reward_100046": 0.7190510604848115,
  "test/sim_max_reward_100047": 0.4079765047987655,
  "test/sim_max_reward_100048": 0.7481476199263438,
  "test/sim_max_reward_100049": 0.6913138621833982,
  "test/sim_video_100000": "results/eval_output/v2c_split08_sh02_step1/media/u8zoybfo.mp4",
  "test/sim_video_100001": "results/eval_output/v2c_split08_sh02_step1/media/15ciz4tp.mp4",
  "test/sim_video_100002": "results/eval_output/v2c_split08_sh02_step1/media/httodwwd.mp4",
  "test/sim_video_100003": "results/eval_output/v2c_split08_sh02_step1/media/j9mhdfll.mp4",
  "train/mean_score": 0.7073912055560082,
  "train/sim_max_reward_0": 0.8733950747385618,
  "train/sim_max_reward_1": 0.3233839466801237,
  "train/sim_max_reward_2": 0.9572450697570489,
  "train/sim_max_reward_3": 0.9274754782349535,
  "train/sim_max_reward_4": 0.45879687229747945,
  "train/sim_max_reward_5": 0.7040507916278825,
  "train/sim_video_0": "results/eval_output/v2c_split08_sh02_step1/media/oinjzkgf.mp4",
  "train/sim_video_1": "results/eval_output/v2c_split08_sh02_step1/media/s2u6ewqy.mp4"
}