{
  "test/mean_score": 0.9818770779770398,
  "test/sim_max_reward_100000": 0.9924844473182877,
  "test/sim_max_reward_100001": 1.0,
  "test/sim_max_reward_100002": 1.0,
  "test/sim_max_reward_100003": 0.9899398467735235,
  "test/sim_max_reward_100004": 1.0,
  "test/sim_max_reward_100005": 0.9707056546411404,
  "test/sim_max_reward_100006": 1.0,
  "test/sim_max_reward_100007": 0.9901940832556544,
  "test/sim_max_reward_100008": 1.0,
  "test/sim_max_reward_100009": 1.0,
  "test/sim_max_reward_100010": 0.9772302894349751,
  "test/sim_max_reward_100011": 0.9925912093347433,
  "test/sim_max_reward_100012": 0.9052825737211735,
  "test/sim_max_reward_100013": 0.9588055651651266,
  "test/sim_max_reward_100014": 1.0,
  "test/sim_max_reward_100015": 0.9917044633842079,
  "test/sim_max_reward_100016": 1.0,
  "test/sim_max_reward_100017": 0.9814353127799184,
  "test/sim_max_reward_100018": 1.0,
  "test/sim_max_reward_100019": 0.9940649960711289,
  "test/sim_max_reward_100020": 1.0,
  "test/sim_max_reward_100021": 1.0,
  "test/sim_max_reward_100022": 0.9844102894321993,
  "test/sim_max_reward_100023": 1.0,
  "test/sim_max_reward_100024": 0.9108761856413838,
  "test/sim_max_reward_100025": 1.0,
  "test/sim_max_reward_100026": 0.973123970881987,
  "test/sim_max_reward_100027": 0.8348643534716745,
  "test/sim_max_reward_100028": 0.9991573194130904,
  "test/sim_max_reward_100029": 1.0,
  "test/sim_max_reward_100030": 0.994496463904043,
  "test/sim_max_reward_100031": 1.0,
  "test/sim_max_reward_100032": 1.0,
  "test/sim_max_reward_100033": 1.0,
  "test/sim_max_reward_100034": 0.89074853779777,
  "test/sim_max_reward_100035": 0.9755980621960725,
  "test/sim_max_reward_100036": 1.0,
  "test/sim_max_reward_100037": 1.0,
  "test/sim_max_reward_100038": 1.0,
  "test/sim_max_reward_100039": 1.0,
  "test/sim_max_reward_100040": 0.9983988251408253,
  "test/sim_max_reward_100041": 0.9359121496155218,
  "test/sim_max_reward_100042": 0.9326805902893355,
  "test/sim_max_reward_100043": 1.0,
  "test/sim_max_reward_100044": 1.0,
  "test/sim_max_reward_100045": 0.9687217219471216,
  "test/sim_max_reward_100046": 1.0,
  "test/sim_max_reward_100047": 0.9811993123785107,
  "test/sim_max_reward_100048": 1.0,
  "test/sim_max_reward_100049": 0.9692276748625822,
  "test/sim_video_100000": "results/eval_output/coef_split16_step4/media/8k8vdepb.mp4",
  "test/sim_video_100001": "results/eval_output/coef_split16_step4/media/ow4gugol.mp4",
  "test/sim_video_100002": "results/eval_output/coef_split16_step4/media/k9o8hddh.mp4",
  "test/sim_video_100003": "results/eval_output/coef_split16_step4/media/e7xun20n.mp4",
  "train/mean_score": 0.9859373225584024,
  "train/sim_max_reward_0": 0.948327977667526,
  "train/sim_max_reward_1": 1.0,
  "train/sim_max_reward_2": 0.9782524609656205,
  "train/sim_max_reward_3": 1.0,
  "train/sim_max_reward_4": 1.0,
  "train/sim_max_reward_5": 0.9890434967172679,
  "train/sim_video_0": "results/eval_output/coef_split16_step4/media/w3ba3z66.mp4",
  "train/sim_video_1": "results/eval_output/coef_split16_step4/media/p3wfr7v3.mp4"
}