{
  "test/mean_score": 0.9536457173284033,
  "test/sim_max_reward_100000": 1.0,
  "test/sim_max_reward_100001": 1.0,
  "test/sim_max_reward_100002": 1.0,
  "test/sim_max_reward_100003": 1.0,
  "test/sim_max_reward_100004": 0.9678783534134888,
  "test/sim_max_reward_100005": 1.0,
  "test/sim_max_reward_100006": 1.0,
  "test/sim_max_reward_100007": 1.0,
  "test/sim_max_reward_100008": 0.9933250085373185,
  "test/sim_max_reward_100009": 1.0,
  "test/sim_max_reward_100010": 1.0,
  "test/sim_max_reward_100011": 1.0,
  "test/sim_max_reward_100012": 1.0,
  "test/sim_max_reward_100013": 0.9931003725976368,
  "test/sim_max_reward_100014": 1.0,
  "test/sim_max_reward_100015": 0.9952695227846619,
  "test/sim_max_reward_100016": 1.0,
  "test/sim_max_reward_100017": 1.0,
  "test/sim_max_reward_100018": 1.0,
  "test/sim_max_reward_100019": 0.9784886974538028,
  "test/sim_max_reward_100020": 1.0,
  "test/sim_max_reward_100021": 0.9475727561610184,
  "test/sim_max_reward_100022": 0.9855287203087276,
  "test/sim_max_reward_100023": 1.0,
  "test/sim_max_reward_100024": 1.0,
  "test/sim_max_reward_100025": 1.0,
  "test/sim_max_reward_100026": 1.0,
  "test/sim_max_reward_100027": 1.0,
  "test/sim_max_reward_100028": 1.0,
  "test/sim_max_reward_100029": 0.9941768174674595,
  "test/sim_max_reward_100030": 0.0,
  "test/sim_max_reward_100031": 0.9561059813972743,
  "test/sim_max_reward_100032": 1.0,
  "test/sim_max_reward_100033": 1.0,
  "test/sim_max_reward_100034": 1.0,
  "test/sim_max_reward_100035": 0.0,
  "test/sim_max_reward_100036": 0.9677698570625212,
  "test/sim_max_reward_100037": 1.0,
  "test/sim_max_reward_100038": 1.0,
  "test/sim_max_reward_100039": 1.0,
  "test/sim_max_reward_100040": 0.9792761927041616,
  "test/sim_max_reward_100041": 1.0,
  "test/sim_max_reward_100042": 1.0,
  "test/sim_max_reward_100043": 0.9951248625314921,
  "test/sim_max_reward_100044": 1.0,
  "test/sim_max_reward_100045": 1.0,
  "test/sim_max_reward_100046": 1.0,
  "test/sim_max_reward_100047": 1.0,
  "test/sim_max_reward_100048": 0.9670646804351397,
  "test/sim_max_reward_100049": 0.9616040435654645,
  "test/sim_video_100000": "results/eval_output/v2c_split08_sh02_step4/media/d3yr7xn2.mp4",
  "test/sim_video_100001": "results/eval_output/v2c_split08_sh02_step4/media/f9yb9l1g.mp4",
  "test/sim_video_100002": "results/eval_output/v2c_split08_sh02_step4/media/73ysjib0.mp4",
  "test/sim_video_100003": "results/eval_output/v2c_split08_sh02_step4/media/bnqam53u.mp4",
  "train/mean_score": 0.9897035710519685,
  "train/sim_max_reward_0": 1.0,
  "train/sim_max_reward_1": 0.9619961876622612,
  "train/sim_max_reward_2": 1.0,
  "train/sim_max_reward_3": 0.9895544993941446,
  "train/sim_max_reward_4": 0.9866707392554046,
  "train/sim_max_reward_5": 1.0,
  "train/sim_video_0": "results/eval_output/v2c_split08_sh02_step4/media/hfw0an1k.mp4",
  "train/sim_video_1": "results/eval_output/v2c_split08_sh02_step4/media/v005wrti.mp4"
}